id,content,sender,sentTime,,,
1,안녕하세요!,p83,2024-12-12 19:45:44,,,
2,안녕하세요,p82,2024-12-12 19:45:48,,,
3,안녕하세요 !,p84,2024-12-12 19:45:54,,,
4,안녕하세요!,p81,2024-12-12 19:46:00,,,
5,전 더 어려워진 거 같네요 ㅜ,p83,2024-12-12 19:47:03,,,
6,읽고 말씀주세용,p83,2024-12-12 19:47:07,,,
7,일단 읽기는 다 읽었습니다!,p82,2024-12-12 19:47:22,,,
8,쉽지 않군요,p82,2024-12-12 19:47:31,,,
9,그러게요..2번은 떠오르는 샛별 같은 느낌이네요,p81,2024-12-12 19:47:54,,,
10,개인적으로 2번은 5년이라는 근무 경력이 좀 걸리네요,p81,2024-12-12 19:48:42,,,
11,저는 장기적 안정성과 미래 성장을 위해서는 오히려 파격적인 인사 결정이 좋지 않을까 싶었어요,p83,2024-12-12 19:49:01,,,
12,근데 말씀 주신 대로 5년은 너무 짧네요...,p83,2024-12-12 19:49:16,,,
13,"대화 참가자들은 2번 후보자에 대한 평가를 논의하고 있다. '나무'와 '익명'은 2번 후보자의 5년 근무 경력이 다소 짧다고 생각하고 있으며, 이는 그들의 승진에 대한 부정적인 요인으로 작용한다고 보고 있다. 그러나 '익명'은 장기적인 안정성과 미래 성장을 위해서는 파격적인 인사 결정이 필요하다고 주장하며, 이는 2번 후보자의 승진을 지지하는 근거로 사용되고 있다. '익명의 고라니'도 논의에 참여하며 2번 후보자에 대해 쉽지 않은 결정이라고 언급하고 있다.",SUMMARY_LOG,2024-12-12 19:49:19,,,
14,물론 2번 후보자의 혁신적인 성과와 높은 평가가 인상적입니다. 하지만 프로필 1의 오랜 근무 경력은 회사의 역사적 또는 구조적 이해에 강점이 될 수 있습니다. 이러한 경험이 승진 결정을 내리는 데 있어 어떻게 영향을 미칠 수 있을까요?,DEVIL,2024-12-12 19:49:20,,,
15,아 근데 1번 분은 안타깝지만 혁신적인 아이디어가 나오기는 쉽지 않을 것 같아요,p81,2024-12-12 19:49:55,,,
16,저도 동의합니다,p82,2024-12-12 19:50:07,,,
17,저도 그렇게 생각합니다,p83,2024-12-12 19:50:09,,,
18,네 거기다 오랜기간 근무 했는데 기여도가 많이 낮은것도 걸립니다,p84,2024-12-12 19:50:23,,,
19,의외로 2번 후보자가 조직 기여도가 꽤 높아서,p82,2024-12-12 19:50:36,,,
20,장기적인 관점과 미래 성장 측면에서는 파격적인 도전도 나쁘지 않다고 보는 입장입니다!,p82,2024-12-12 19:51:00,,,
21,근데 뭐 개인의 역량이겠지만 5년 근속한 분이 팀장을 맡으면 과연 팀원이 잘 따라올 수 있을까 싶기도 하고....한편으로 실력있는 사람이라면 그것 또한 문제가 안될 것 같기도 하고...어렵네요,p81,2024-12-12 19:51:01,,,
22,그쵸 그 부분은 조금 걸리네요 ㅠ,p82,2024-12-12 19:51:10,,,
23,협업상을 받은 이력이 있긴 해서,p82,2024-12-12 19:51:30,,,
24,리더십이 좋을 수도 있을 것 같기도 하고요,p82,2024-12-12 19:51:44,,,
25,3번 분은 어떻게 느껴지시나요??,p81,2024-12-12 19:51:51,,,
26,혁신가에 협업상이면 정말 인재긴 하시네요,p83,2024-12-12 19:51:59,,,
27,"참가자들은 승진 후보자들에 대해 논의하고 있으며, 2번 후보자의 경우 혁신적인 성과와 높은 평가, 조직 기여도가 눈에 띄지만, 5년이라는 짧은 근무 경력이 다소 부담이 된다는 의견이 있다. 반면, 1번 후보자는 오랜 근무 경력을 가지고 있어 회사의 구조적 이해에 강점이 있을 수 있지만, 혁신적인 아이디어가 부족하다는 점이 지적되었다. 참가자들은 장기적인 안정성과 미래 성장을 위해 파격적인 인사 결정이 필요하다고 보며, 2번 후보자의 리더십 잠재력도 긍정적으로 평가하고 있다. 이에 대해 참가자1과 참가자3, 참가자4가 동의하며, 특히 2번 후보자의 혁신성과 협업 수상이 인상적이라는 점을 강조했다.",SUMMARY_LOG,2024-12-12 19:52:02,,,
28,"모두 2번 후보자의 혁신적인 기여와 리더십 잠재력을 높이 평가하는 것에 공감합니다. 그런데 혹시 프로필 3의 재무적 통찰력이 회사의 성장과 안정에 어떻게 기여할 수 있을지 고려해 봤나요? 특히, 아이디어 상을 수상한 경력이 어떤 새로운 방향을 제시할 수 있을지 궁금합니다. 이러한 측면에서 생각하면 어떤 점들이 떠오르세요?",DEVIL,2024-12-12 19:52:04,,,
29,그러게요~협업상도 받으셔서 진짜 어렵네요,p81,2024-12-12 19:52:06,,,
30,이번에도 딱 절충안 느낌입니다 ㅎㅎ,p83,2024-12-12 19:52:06,,,
31,3번분은 딱 절충안이라 무난한 인재라고 느껴집니다. 눈에 띄지는 않으나 위험한 요소는 적은,p82,2024-12-12 19:52:36,,,
32,11년이면 회사의 과도기도 함께 넘은 분일 것 같네요,p81,2024-12-12 19:52:57,,,
33,꾸준함이 높은 점수를 부여받을 수 있는 요소라고는 생각해요,p82,2024-12-12 19:53:00,,,
34,네 이사회가 안정성과 경험을 중시한다고도 했으니까요,p83,2024-12-12 19:53:18,,,
35,회사의 혼란한 상황을 바로 잡아줄 수 있을것 같아요,p84,2024-12-12 19:53:21,,,
36,그런 과도기 경험도 사실 중요한 것 같아요,p82,2024-12-12 19:53:32,,,
37,동의합니다,p84,2024-12-12 19:53:38,,,
38,"일단 1번은 다들 논외인 것 같으니, 2번 3번 중에 투표를 받아볼까요?",p82,2024-12-12 19:54:08,,,
39,네 좋습니다!,p83,2024-12-12 19:54:12,,,
40,3번,p83,2024-12-12 19:54:25,,,
41,"참가자들은 승진 후보자 1번보다 2번과 3번에 대해 더 긍정적으로 평가하고 있다. 2번 후보자는 혁신적인 성과와 높은 평가를 받고 있으며, 조직에 대한 기여도가 높아 장기적 관점에서의 성장 가능성을 보인다고 여러 참가자들이 동의했다. 그러나 5년의 근속 기간이 짧아 리더십에 대한 우려도 일부 제기되었다. 반면, 3번 후보자는 뛰어난 재무적 통찰력과 안정적인 경력을 가지고 있으며, 회사의 혼란한 상황을 안정시킬 수 있는 장점이 있다고 평가받아 절충안으로 고려되고 있다. 참가자들은 결국 2번과 3번 후보자 중에서 투표를 통해 결정하기로 합의했다.",SUMMARY_LOG,2024-12-12 19:54:29,,,
42,"여러 의견에 공감합니다. 하지만 1번 후보자의 23년 근속의 경험과 안정성이 조직 내에서 중요한 역할을 할 수 있지 않을까요? 아울러, 다양한 관점에서 생각해볼 필요가 있을 것 같은데, 이 부분에 대해 어떻게 생각하세요?",DEVIL,2024-12-12 19:54:31,,,
43,3번,p81,2024-12-12 19:54:36,,,
44,"저는 여러 면을 종합해 봤을 때, 3번 좋은 것 같습니다!",p82,2024-12-12 19:54:38,,,
45,저도 3번이요,p84,2024-12-12 19:54:38,,,
46,악마가 열일하네요...,p83,2024-12-12 19:54:48,,,
47,ㅋㅋㅋㅋㅋㅋ,p82,2024-12-12 19:54:53,,,
48,ㅋㅋㅋ그러니까요 자꾸 관심없는 사람을ㅋㅋ,p81,2024-12-12 19:54:57,,,
49,3번으로 결정된건가요 ?,p84,2024-12-12 19:55:53,,,
50,"<div><span style=""font-size: 15.04px;"">- 최종 결정된 선택지: 후보자 3</span></div><div><span style=""font-size: 15.04px;"">- 선택한 이유: 적당한 근속 기간과 성과 지표의 균형점</span></div>",p83,2024-12-12 19:55:59,,,
51,네!,p83,2024-12-12 19:56:01,,,
52,와 익명님 정리 진짜 잘하시네요!!!,p81,2024-12-12 19:56:14,,,
53,오우 정리 감사합니다!,p82,2024-12-12 19:56:16,,,
54,워딩 괜찮으세요?,p83,2024-12-12 19:56:18,,,
55,감사합니다!!,p83,2024-12-12 19:56:21,,,
56,"대화 참가자들은 후보자 2와 3을 두고 논의했으며, 최종적으로 후보자 3을 선택하기로 결정했다. 후보자 2는 혁신적인 성과와 높은 평가로 주목받았으나, 근무 경력 5년이 상대적으로 짧아 팀원들이 따를지에 대한 우려가 있었다. 반면, 후보자 3은 11년의 근속을 바탕으로 회사의 과도기를 함께 넘어온 경험과 안정성을 중시하는 이사회의 요구에 부합하여 선택되었다. 참가자들은 후보자 3의 꾸준함과 성과 지표의 균형이 장점이라고 평가했다.",SUMMARY_LOG,2024-12-12 19:56:21,,,
57,"후보자 3의 경험과 안정성에 대한 의견에 공감합니다. 하지만 후보자 2의 혁신적 역량과 박사 학위, 그리고 높은 성과 평가가 미칠 장기적인 영향도 고려해 보는 것은 어떨까요? 기간은 짧지만, 지속적인 성장을 보여줄 잠재력이 충분히 있는 것 같습니다. 이에 대해 어떻게 생각하세요?",DEVIL,2024-12-12 19:56:23,,,
58,너무나요ㅎㅎ,p81,2024-12-12 19:56:24,,,
59,ㅋㅋㅋㅋㅋㅋ,p82,2024-12-12 19:56:26,,,
60,너무 열일해서 미안한데 이건,p82,2024-12-12 19:56:35,,,
61,ㅋㅋㅋㅋㅋㅋㅋ,p83,2024-12-12 19:56:38,,,
62,"정리 감사합니다 ,,",p84,2024-12-12 19:56:39,,,
63,딱 깔끔하게 잘 정리해 주신 것 같아요,p82,2024-12-12 19:56:56,,,