id,content,sender,sentTime
1,"안녕하세요","🤵천원의아침밥","2024-12-16 16:42:58"
2,"네, 안녕하세요. 이번에도 아까와 비슷한 task 네요","🤵JYW","2024-12-16 16:43:11"
3,"안녕하세요","👶생각하는 라이언","2024-12-16 16:43:13"
4,"각자 우선순위를 말해볼까요?","🤵JYW","2024-12-16 16:43:17"
5,"전 1, 3, 2 순입니다.&nbsp;","🤵Uni","2024-12-16 16:43:49"
6,"전 1 3 2 입니다.","🤵JYW","2024-12-16 16:43:51"
7,"저도 132입니다","👶생각하는 라이언","2024-12-16 16:44:05"
8,"전 3, 1, 2 입니다","🤵천원의아침밥","2024-12-16 16:44:06"
9,"오 세명은 의견이 일치하네요","🤵JYW","2024-12-16 16:44:15"
10,"아침밥님, 3 1 2로 생각하신 이유가 어떻게 되실까요?","🤵JYW","2024-12-16 16:44:31"
11,"협업에서는 성과보다는 고객 피드백이 중요하다고 생각했습니다","👶생각하는 라이언","2024-12-16 16:44:34"
12,"라이언님 의견에 동의합니다. 고객 피드백이 가장 중요하다고 판단되었습니다.","🤵JYW","2024-12-16 16:44:50"
13,"넵 저도 고객 피드백을 가장 중심으로 보았습니다.","🤵Uni","2024-12-16 16:45:10"
14,"그리고 2번은 협업 기간도 없고, 완료 프로젝트도 없고, 직원수도 작다는 게 아쉬웠고,","🤵JYW","2024-12-16 16:45:17"
15,"3번과 1번에 큰 차이를 두지는 않았지만","🤵천원의아침밥","2024-12-16 16:45:20"
16,"무엇보다 성과점수가 높지만, 고객 리뷰수가 작은게 아쉬워서 2번은 제일 후순위로 생각하게 되었습니다","🤵JYW","2024-12-16 16:45:35"
17,"성과 점수를 조금 더 높게 보았습니다.","🤵천원의아침밥","2024-12-16 16:46:02"
18,"저도 협업기간, 완료 프로젝트, 고객 리뷰수, 직원 수 모두 다른 업체보다 낮아서 후순위로 생각했습니다.","🤵Uni","2024-12-16 16:46:04"
19,"성과점수가 3번이 1번보다 좋은게 사실이긴 합니다만, 다른 수치들에서 업체 1이 너무 안정성이 높다고 생각했습니다.","🤵JYW","2024-12-16 16:46:36"
20,"저도 1번과 3번의 차이는 크게 없다고 느껴지긴 합니다.","🤵Uni","2024-12-16 16:46:37"
21,"JYW님과 동일하게 안정성 때문에 1번을 우선으로 두었습니다.","🤵Uni","2024-12-16 16:46:51"
22,"저도 협업기간이 길다보니 합이 잘 맞고 일의 효율성이 높을 것이라고 생각했습니다","👶생각하는 라이언","2024-12-16 16:47:10"
23,"직원수가 많고 고객 리뷰수가 많다는 점으로 미루어보아, 세 업체 중 관련 분야에서 가장 유명한 회사이지 않을까 생각이 드는데, 이런 부분이 회사 대외 신뢰에 긍정적으로 영향을 줄 수 있을 것 같습니다.","🤵JYW","2024-12-16 16:47:50"
24,"프로젝트를 대성공하기 위해서는 약간의 도전도 필요하다고 생각했습니다","🤵천원의아침밥","2024-12-16 16:47:55"
25,"고객피드백이나 직원 수가 2번처럼 낮은 것도 아니고","🤵천원의아침밥","2024-12-16 16:48:19"
26,"이미 협업을 해본 경험, 낮지 않은 고객피드백 하지만 1번보다는 성과가 좋다는 점에서","🤵천원의아침밥","2024-12-16 16:48:42"
27,"제가 선택을 해야한다면 3번을 신뢰해보고 싶어서","🤵천원의아침밥","2024-12-16 16:49:10"
28,"3번 1번 2번 순으로 결정하였습니다","🤵천원의아침밥","2024-12-16 16:49:17"
29,"저도 아침밥님 의견에 이해되는 것이,&nbsp; 고민이었던 부분은 경쟁력 강화를 위한 대규모 프로젝트였다는 부분인데, 너무 오랜 시간 같은 업체랑 하다 보니 경쟁력 강화에는 어려운 선택일 수도 있지 않을까 하긴 했습니다.","🤵Uni","2024-12-16 16:49:21"
30,"예를들어, 삼성이 A 혹은 B 라는 중견 업체와 협업을 해야하는데, A가 그 분야에서 가장 유명도가 높은 회사이고, B는 그에 비해서는 약간 유명도가 낮다고 생각해봅시다.<br><br>이런 상황에서, A와 협업하는 게 주주들의 신뢰를 얻기에는 더 좋은 선택이 될거라고 생각됩니다 :) 주요 고객들도 물론이구요.","🤵JYW","2024-12-16 16:49:31"
31,"다만, 주요 고객이라는 점이라는 부분에서 안정성에 도전적인 선택이 조금 밀린 거 같아요.","🤵Uni","2024-12-16 16:49:41"
32,"6점이면 성과가 크게 차이나지는 않는다고 생각이 되는데 안정성점수까지 고려하면 1번이 좋을 것 같습니다","👶생각하는 라이언","2024-12-16 16:49:43"
33,"프로젝트 일정과 품질, 순조로운 협업, 순조로운 협업을 보았을 때","🤵천원의아침밥","2024-12-16 16:50:23"
34,"성과 점수가 높다는 점에서 결과물이나 고객피드백 차원에서 더 좋은 결과를 가져올 잠재력?","🤵천원의아침밥","2024-12-16 16:51:11"
35,"이 있다고 생각했습니다.","🤵천원의아침밥","2024-12-16 16:51:15"
36,"순조로운 협업 면에서는 1번이 더 좋은 선택이라고 생각되네요.","🤵JYW","2024-12-16 16:51:20"
37,"음 잠재력은 말 그대로 잠재력인 것 같습니다.","🤵JYW","2024-12-16 16:51:36"
38,"잠재력이 발휘 될지도 미지수이고, 된다 한들 언제 발휘될지 알 수 있을까요 ㅎㅎ","🤵JYW","2024-12-16 16:51:55"
39,"이런 변수는 주요 고객들이 좋아하지 않는 상황일 것 같습니다.","🤵JYW","2024-12-16 16:52:06"
40,"저는 고객 피드백이 높아야 프로젝트 일정과 품질에 이슈가 생겨도 해결이 가능하다 생각합니다","🤵Uni","2024-12-16 16:52:14"
41,"그런 부분에서 1번이 안정성이나 점수면에서 3번보다 낮지 않을거 같습니다!","🤵Uni","2024-12-16 16:52:41"
42,"동의합니다~!","🤵JYW","2024-12-16 16:52:47"
43,"의견이 다른 이유는 아무래도 저는 안정성을 1순위로 보지 않아서 그런 것 같습니다.","🤵천원의아침밥","2024-12-16 16:53:06"
44,"대외 신뢰에 영향을 주는 부분에 있어서","🤵JYW","2024-12-16 16:53:27"
45,"아침밥님 1번과 3번 비슷하게 고려하셨다고 하셨는데 1번으로 결정하시는건 혹시 어떻게 생각하시나요??","👶생각하는 라이언","2024-12-16 16:53:37"
46,"일상적인 프로젝트가 아니라 경쟁력 강화를 위한 대규모 프로젝트라는 점에서 기존과는 다른 선택을 하는 것이 좋을 것 같다고 생각했습니다.","🤵천원의아침밥","2024-12-16 16:53:53"
47,"아침밥님을 제외한 나머지는 '안정성'을 1순위로, 아침밥님은 '잠재력'을 1순위로 보고 있으신 것 같은데,&nbsp;","🤵JYW","2024-12-16 16:54:15"
48,"대규모 일수록 안정성이 중요하지 않을까 싶네요 ㅎㅎ","🤵JYW","2024-12-16 16:54:26"
49,"팀원을 뽑는 경우라면 잠재력을 볼 것 같은데 대규모 프로젝트라 3번을 고르기가 망설여지네요 ~","👶생각하는 라이언","2024-12-16 16:55:08"
50,"저도 일상적 프로젝트에 더 도전적인 선택을 해서 일상적인 프로젝트에서 도전적인 선택을 증명할 수 있어야 대규모 프로젝트에 선택이 될 수 있지 않을까 하는 생각입니다","🤵Uni","2024-12-16 16:55:16"
51,"개인적으로 이미 지속된 관계는 경쟁력을 강화하는데 큰 도움이 되지 않을 것 같다고 판단했습니다","🤵천원의아침밥","2024-12-16 16:55:42"
52,"대규모라는 부분이나 주요 고객에서는 더욱 안정성을 보는 거 같아요 그만큼 리스크도 커지니까요!","🤵Uni","2024-12-16 16:55:50"
53,"하청업체는 안정성있게 고르되 일하는 팀에 새로운 인원을 추가하는 것도 도전적일 수 있다고 봐요!","👶생각하는 라이언","2024-12-16 16:56:20"
54,"3번이 안정성이 낮다고 생각하지는 않았습니다!","🤵천원의아침밥","2024-12-16 16:56:34"
55,"라이언님 의견도 좋은 것 같습니다 ㅎㅎ","🤵JYW","2024-12-16 16:56:39"
56,"다른 상황이었다면 3번을 밀고 싶을 거 같긴 합니다. 새로운 협력업체를 키우는 것도 중요하니까요!","🤵Uni","2024-12-16 16:57:12"
57,"개인적인 생각이고 1번으로 하는게 좋을 것 같ㅇ요 ㅎㅎ","🤵천원의아침밥","2024-12-16 16:57:13"
58,"오 그럼 다 의견이 모아진 걸까요?","🤵Uni","2024-12-16 16:57:30"
59,"네네 그런 것 같습니다","👶생각하는 라이언","2024-12-16 16:57:35"
60,"그럼 1번의 이유를 정리해보면 어떨까요","🤵Uni","2024-12-16 16:58:39"
61,"<div>- 최종 결정된 선택지: 업체 1</div><div>- 선택한 이유: 탄탄한 고객 피드백을 바탕으로, 업체 1과의 협업은 회사 대외 신뢰에 긍정적인 영향을 줄 것으로 예상된다. 또한, 그 동안의 긴 협업 기간과, 수많은 완료 프로젝트 수는 프로젝트의 성공 가능성이 높다는 것을 의미한다.</div>","🤵JYW","2024-12-16 16:59:06"
62,"추가 할 문장이 있으시면 말씀해주세요~","🤵JYW","2024-12-16 16:59:14"
63,"좋습니다","👶생각하는 라이언","2024-12-16 16:59:27"
64,"<div>- 최종 결정된 선택지: 업체 1</div><div>- 선택한 이유: 탄탄한 고객 피드백을 바탕으로, 업체 1과의 협업은 회사 대외 신뢰에 긍정적인 영향을 줄 것으로 예상된다. 또한, 그 동안의 긴 협업 기간과, 수많은 완료 프로젝트 수는, 이번 대규모 프로젝트의 성공 가능성이 높다는 것을 의미한다.</div>","🤵JYW","2024-12-16 16:59:44"
65,"약간 수정했습니다 두번째 문장","🤵JYW","2024-12-16 16:59:49"
66,"넵 저도 좋습니다!","🤵Uni","2024-12-16 16:59:51"
67,"좋습니다!","🤵천원의아침밥","2024-12-16 16:59:58"
68,"네 그러면 제출할게요~","🤵JYW","2024-12-16 17:00:49"
